City,Cloudiness (%),Country,Date,Humidity,Latitude,Longitude,Max Temp,Wind Speed
Saint Anthony,75,US,1584070990,64,45.02,-93.22,35.6,14.99
Am Timan,66,TD,1584070991,15,11.03,20.28,68.77,8.75
Vardø,100,NO,1584070992,86,70.37,31.11,23.56,30.69
Marawi,0,PH,1584070993,84,8.0,124.29,82.99,7.0
Lüderitz,0,NA,1584070994,82,-26.65,15.16,64.4,12.75
Ushuaia,75,AR,1584070955,71,-54.8,-68.3,53.6,6.93
Turukhansk,100,RU,1584070998,93,65.82,87.98,13.6,17.52
Buta,100,CD,1584070999,98,2.79,24.73,68.99,1.01
Lavrentiya,100,RU,1584070974,93,65.58,-171.0,29.07,32.21
Hobart,75,AU,1584070801,93,-42.88,147.33,63.0,16.11
Cape Town,0,ZA,1584071002,87,-33.93,18.42,63.0,9.17
Upernavik,100,GL,1584071003,93,72.79,-56.15,-15.95,3.58
Ballina,75,AU,1584070953,57,-28.87,153.57,78.8,16.11
Butaritari,45,KI,1584071005,76,3.07,172.79,83.03,5.48
Punta Arenas,75,CL,1584070819,87,-53.15,-70.92,50.0,12.75
Puerto Ayora,34,EC,1584071008,100,-0.74,-90.35,80.01,1.01
Albany,75,US,1584070845,80,42.6,-73.97,48.2,8.05
Finschhafen,4,PG,1584071010,76,-6.6,147.87,84.49,37.87
Raja,13,SS,1584071011,77,8.46,25.68,70.11,5.21
Sitka,1,US,1584071012,42,57.05,-135.33,28.4,9.17
Fairbanks,90,US,1584071013,72,64.84,-147.72,10.99,4.7
Pitsunda,90,GE,1584071014,93,43.16,40.34,48.2,4.47
Sladkovo,0,RU,1584071015,79,55.53,70.34,24.08,13.85
Pombos,75,BR,1584071019,83,-8.14,-35.4,80.6,4.7
Remanso,55,BR,1584071020,83,-9.62,-42.08,74.79,1.9
Rikitea,0,PF,1584071021,79,-23.12,-134.97,77.07,18.19
Kibala,55,TD,1584071022,8,9.11,18.35,68.4,2.44
Saint George,100,US,1584071024,54,37.1,-113.58,66.2,18.34
George Town,20,MY,1584071025,70,5.41,100.34,87.8,2.24
Nikolskoye,90,RU,1584071026,96,59.7,30.79,36.0,8.95
Ostrovnoy,100,RU,1584071027,96,68.05,39.51,18.55,3.31
Nanortalik,24,GL,1584071031,74,60.14,-45.24,21.31,5.55
Warrnambool,100,AU,1584071032,89,-38.38,142.48,60.01,22.35
Katherine,0,AU,1584071033,44,-14.47,132.27,95.0,6.93
Shangrao,75,CN,1584070921,85,28.45,117.97,60.37,2.24
Bilma,29,NE,1584071035,36,18.69,12.92,56.21,11.21
Honningsvåg,100,NO,1584071036,79,70.98,25.97,19.85,23.98
Atuona,28,PF,1584071037,70,-9.8,-139.03,82.92,9.44
Kayes,0,ML,1584071038,23,14.0,-11.0,84.2,11.41
Vaini,90,TO,1584071040,94,-21.2,-175.2,77.0,9.17
Laguna,1,US,1584071041,67,38.42,-121.42,69.8,4.7
Dhule,23,IN,1584071042,40,20.9,74.78,68.13,8.66
Nanning,90,CN,1584071043,88,22.82,108.32,73.4,6.71
Avarua,89,CK,1584071044,94,-21.21,-159.78,77.0,3.36
Ponta do Sol,40,PT,1584071046,72,32.67,-17.1,62.6,16.11
Jamestown,1,US,1584071047,76,42.1,-79.24,55.0,12.75
Murray Bridge,100,AU,1584071048,83,-35.12,139.27,73.0,5.01
Santa Cruz de Barahona,0,DO,1584071050,74,18.21,-71.1,77.63,2.55
Khatanga,0,RU,1584071051,91,71.97,102.5,-23.51,9.64
Kirksville,1,US,1584071032,70,40.19,-92.58,46.4,12.75
Kumul,0,CN,1584071054,15,42.8,93.45,40.08,2.13
Hithadhoo,1,MV,1584071055,69,-0.6,73.08,83.57,13.09
Busselton,81,AU,1584071056,30,-33.65,115.33,80.01,14.97
Sharan,96,RU,1584071057,95,54.82,54.0,34.54,11.56
Mathbaria,0,BD,1584071058,45,22.29,89.96,85.35,6.4
Praia da Vitória,20,PT,1584071061,93,38.73,-27.07,53.6,11.65
Cockburn Town,0,TC,1584070847,78,21.46,-71.14,77.02,12.39
Tiksi,73,RU,1584071063,94,71.69,128.87,-18.4,3.78
Richards Bay,35,ZA,1584071064,85,-28.78,32.04,75.67,6.98
Katsuura,75,JP,1584071065,51,35.13,140.3,64.0,16.11
Baykit,100,RU,1584071067,94,61.67,96.37,23.85,0.69
Kapaa,90,US,1584071010,83,22.08,-159.32,75.2,11.41
Guerrero Negro,0,MX,1584070784,78,27.98,-114.06,61.9,6.67
Mar del Plata,5,AR,1584071070,94,-38.0,-57.56,72.0,3.36
Qaanaaq,0,GL,1584071072,43,77.48,-69.36,-20.79,4.12
Yar,98,RU,1584071073,94,58.25,52.1,32.02,14.47
Thompson,90,CA,1584070800,71,55.74,-97.86,6.8,20.8
Aberdeen,90,GB,1584070909,86,57.14,-2.1,41.0,19.46
Arlit,0,NE,1584071076,22,18.74,7.39,63.18,11.32
Bulungu,75,CD,1584071077,99,-4.55,18.6,69.04,2.57
Port Elizabeth,20,ZA,1584071078,93,-33.92,25.57,64.4,5.82
Yellowknife,90,CA,1584071079,69,62.46,-114.35,-7.6,11.41
Rio Bananal,87,BR,1584071080,96,-19.27,-40.33,70.38,1.72
Jasper,1,US,1584070890,66,37.2,-94.35,55.99,12.75
Sinnamary,79,GF,1584071083,75,5.38,-52.95,79.92,16.55
Dikson,100,RU,1584071085,84,73.51,80.55,3.0,31.79
Arraial do Cabo,0,BR,1584070813,82,-22.97,-42.03,76.84,12.77
Mataura,5,NZ,1584071088,73,-46.19,168.86,61.0,8.99
Karla,100,EE,1584071089,81,59.37,24.93,37.99,12.75
New Norfolk,75,AU,1584071090,93,-42.78,147.06,63.0,16.11
Kosa,96,RU,1584071091,97,59.94,55.0,34.39,12.68
Castro,0,BR,1584071093,90,-24.79,-50.01,62.55,5.19
Hermanus,0,ZA,1584071094,87,-34.42,19.23,63.0,4.0
Mitsamiouli,20,KM,1584071095,88,-11.38,43.28,78.8,6.93
Oranjemund,4,NA,1584071096,93,-28.55,16.43,60.15,1.45
Mahébourg,75,MU,1584071097,100,-20.41,57.7,78.01,6.93
Nabire,99,ID,1584071098,63,-3.37,135.48,86.25,3.74
San Cristobal,40,VE,1584071099,78,7.77,-72.22,78.8,2.24
Hilo,1,US,1584070807,65,19.73,-155.09,77.0,12.75
Saint Paul Harbor,1,US,1584071101,47,57.79,-152.41,33.8,8.05
Saldanha,9,ZA,1584071103,93,-33.01,17.94,62.6,6.93
Kommunarka,100,RU,1584071104,61,55.57,37.49,43.0,26.84
Jidong,3,CN,1584071106,59,45.22,131.08,16.36,15.99
Būlaevo,0,KZ,1584071107,79,54.91,70.44,23.32,12.17
Ancud,75,CL,1584071108,100,-41.87,-73.82,55.4,6.93
Barrow,90,US,1584071109,92,71.29,-156.79,19.4,40.26
Merrill,75,US,1584071111,80,45.18,-89.68,35.6,16.11
Mannārakkāt,20,IN,1584071113,69,10.98,76.47,82.4,5.82
Husavik,90,IS,1584071114,79,66.04,-17.34,21.2,17.22
São Filipe,47,CV,1584071115,69,14.9,-24.5,72.9,5.57
Yulara,0,AU,1584071116,10,-25.24,130.99,98.6,10.29
Dossor,33,KZ,1584071117,66,47.53,52.98,46.0,15.77
Airai,4,TL,1584071118,56,-8.93,125.41,79.99,6.31
Sambava,62,MG,1584071119,91,-14.27,50.17,73.72,1.39
Ahipara,91,NZ,1584071120,80,-35.17,173.17,75.0,1.99
Zhezkazgan,57,KZ,1584071121,85,47.8,67.71,12.2,2.24
Kumluca,100,TR,1584071122,63,36.37,30.29,59.74,9.62
Jamapa,5,MX,1584071124,88,19.03,-96.23,75.2,6.91
College,90,US,1584071125,72,64.86,-147.8,10.99,4.7
La Rochelle,40,FR,1584071126,75,46.17,-1.15,44.6,4.7
Serenje,100,ZM,1584071021,97,-13.23,30.24,64.69,5.73
Sechura,37,PE,1584071128,86,-5.56,-80.82,75.13,7.18
Provideniya,90,RU,1584071129,97,64.38,-173.3,32.0,38.03
Rocha,0,UY,1584071130,97,-34.48,-54.33,63.54,2.82
Kombissiri,0,BF,1584071131,15,12.07,-1.34,82.4,5.82
Mbanza-Ngungu,100,CD,1584071132,93,-5.25,14.87,69.28,0.07
Souillac,75,MU,1584071133,100,-20.52,57.52,78.01,6.93
Kavaratti,20,IN,1584071136,74,10.57,72.64,82.4,4.7
Bluff,14,NZ,1584071137,73,-46.6,168.33,61.0,8.99
Narsaq,0,GL,1584071138,41,60.92,-46.05,19.4,6.93
Upata,26,VE,1584071139,73,8.01,-62.4,72.01,4.68
Ampanihy,0,MG,1584071140,73,-24.7,44.75,71.4,3.89
La Romana,40,DO,1584071141,100,18.43,-68.97,73.4,5.84
Saint-Philippe,75,RE,1584071142,88,-21.36,55.77,78.8,20.8
Hong Kong,20,HK,1584071143,74,22.29,114.16,82.0,9.17
Port Alfred,99,ZA,1584071145,83,-33.59,26.89,68.99,6.46
Faanui,96,PF,1584071146,72,-16.48,-151.75,83.5,9.69
Chibombo,100,ZM,1584071147,97,-14.66,28.07,64.72,6.46
Esperance,75,AU,1584071148,72,-33.87,121.9,68.0,12.75
Klaksvík,100,FO,1584071149,74,62.23,-6.59,30.2,8.05
Gibara,44,CU,1584071150,88,21.11,-76.13,69.8,5.82
San Patricio,100,MX,1584071151,81,19.22,-104.7,75.06,2.66
Alyangula,0,AU,1584071152,59,-13.85,136.42,89.6,9.17
Longyearbyen,40,SJ,1584071153,57,78.22,15.64,-11.2,18.34
Shelburne,90,CA,1584070859,95,44.08,-80.2,41.0,2.24
Paratinga,100,BR,1584071156,97,-12.69,-43.18,67.46,2.28
Grand Gaube,75,MU,1584071159,100,-20.01,57.66,78.01,6.93
Krasnoarmeysk,72,RU,1584071160,83,51.02,45.7,36.0,4.0
Turaif,90,SA,1584071161,82,31.67,38.66,55.4,25.28
Iqaluit,20,CA,1584071164,75,63.75,-68.51,-14.01,4.7
Burgeo,34,CA,1584071167,70,47.62,-57.62,22.86,11.03
Maceió,75,BR,1584071168,100,-9.67,-35.74,75.2,1.12
Betanzos,75,ES,1584071169,76,43.28,-8.21,52.0,6.93
Matara,1,LK,1584071170,68,5.95,80.54,81.16,9.86
Amapá,99,BR,1584071171,86,1.0,-52.0,74.89,3.58
The Pas,90,CA,1584071172,78,53.83,-101.25,10.4,16.11
Puerto Madryn,15,AR,1584071173,51,-42.77,-65.04,64.17,3.76
Japura,0,ID,1584071174,61,-0.32,102.35,89.31,2.01
Marsá Maţrūḩ,100,EG,1584071175,79,31.35,27.25,61.14,41.5
Torbay,90,CA,1584071177,79,47.67,-52.73,27.0,13.87
Nesbyen,91,NO,1584071178,91,60.57,9.1,24.01,2.84
Vrangel',0,RU,1584071179,54,42.73,133.08,25.16,24.7
Taoudenni,48,ML,1584071180,15,22.68,-3.98,65.86,6.49
Cherskiy,100,RU,1584071181,91,68.75,161.3,-1.44,1.39
Saskylakh,100,RU,1584071182,94,71.92,114.08,-3.86,18.03
Dumfries,1,US,1584071110,81,38.57,-77.33,53.6,4.7
Soyaux,100,FR,1584071184,93,45.65,0.2,41.0,3.65
Bredasdorp,0,ZA,1584071185,93,-34.53,20.04,62.6,4.7
Kristiansund,100,NO,1584071186,79,63.11,7.73,30.2,32.21
East London,81,ZA,1584071188,100,-33.02,27.91,69.8,4.7
Molina,90,CL,1584071189,56,-35.12,-71.28,68.0,5.82
Kichera,100,RU,1584071190,92,55.94,110.1,12.88,5.95
Ishigaki,75,JP,1584071191,88,24.34,124.16,73.4,9.17
Camaná,100,PE,1584071192,75,-16.62,-72.71,70.29,2.66
Anadyr,40,RU,1584071193,80,64.75,177.48,33.8,26.84
Cayenne,94,GF,1584071194,94,4.93,-52.33,71.6,6.91
Fortuna,1,US,1584071195,81,40.6,-124.16,51.01,4.7
Hamilton,90,US,1584071197,87,39.18,-84.53,61.0,9.17
Kinablangan,27,PH,1584071199,65,7.69,126.55,81.5,6.85
Makkah al Mukarramah,75,SA,1584071201,76,21.43,39.83,72.84,6.69
Tessalit,78,ML,1584071202,19,20.2,1.01,66.06,16.13
Yeniseysk,100,RU,1584071203,98,58.45,92.17,32.79,6.91
Salalah,20,OM,1584071204,73,17.02,54.09,71.6,5.82
Udomlya,100,RU,1584071205,96,57.88,34.99,32.81,14.38
Yarim,75,YE,1584071206,44,14.3,44.38,52.59,4.23
Corrente,98,BR,1584071208,97,-3.74,-43.34,73.72,1.7
Vieques,20,PR,1584071210,73,18.43,-65.83,77.0,7.23
Pisco,99,PE,1584071211,83,-13.7,-76.22,73.4,10.29
Tuktoyaktuk,75,CA,1584071212,74,69.45,-133.04,-22.0,11.41
Ubari,0,LY,1584071213,56,26.59,12.78,45.88,3.4
Alofi,100,NU,1584071214,77,-19.06,-169.92,83.46,17.58
Vao,75,NC,1584071215,76,-22.67,167.48,81.1,6.91
Leningradskiy,100,RU,1584071216,79,69.38,178.42,25.75,13.71
Araouane,0,ML,1584071217,10,18.9,-3.53,70.88,8.9
Vostok,100,RU,1584071218,90,46.49,135.88,10.56,17.6
Beya,39,RU,1584071219,74,53.05,90.91,32.41,5.06
Marsberg,90,DE,1584071221,78,51.46,8.85,43.0,16.11
Bandrele,20,YT,1584071222,83,-12.91,45.19,82.4,6.93
Melbourne,1,US,1584071161,83,28.08,-80.61,73.0,4.7
Padang,0,ID,1584071225,59,-0.95,100.35,83.71,1.7
Port Blair,0,IN,1584071226,68,11.67,92.75,80.33,9.15
Yangi Marg`ilon,0,UZ,1584071227,70,40.43,71.72,46.4,2.24
Salta,100,AR,1584070944,88,-24.79,-65.41,68.0,3.78
Tasiilaq,62,GL,1584071229,66,65.61,-37.64,12.2,23.04
Sola,100,VU,1584071223,73,-13.88,167.55,85.6,14.05
Ngunguru,17,NZ,1584071232,66,-35.62,174.5,71.01,8.99
Tomatlán,100,MX,1584071233,82,19.93,-105.25,68.72,0.38
Calvinia,0,ZA,1584071234,45,-31.47,19.78,57.9,2.64
Samarai,97,PG,1584071235,64,-10.62,150.67,86.56,8.3
Berlevåg,100,NO,1584071236,75,70.86,29.09,22.15,24.2
Beringovskiy,100,RU,1584071237,97,63.05,179.32,33.73,17.92
Cabo San Lucas,5,MX,1584071238,73,22.89,-109.91,77.0,18.34
Komsomol'skoye,58,RU,1584071239,88,55.26,47.55,34.59,14.7
Bengkulu,93,ID,1584071012,56,-3.8,102.27,88.59,2.06
Bethel,90,US,1584071241,87,41.37,-73.41,46.0,5.82
Derzhavīnsk,20,KZ,1584071243,70,51.1,66.32,20.68,10.6
Igarka,100,RU,1584071244,90,67.47,86.58,5.25,20.8
Indramayu,100,ID,1584071245,69,-6.33,108.32,84.69,5.28
Mariehamn,75,AX,1584071246,74,60.1,19.93,35.6,9.17
Wonthaggi,100,AU,1584071247,61,-38.6,145.59,81.0,10.0
Yevlax,94,AZ,1584071248,87,40.61,47.15,46.4,6.93
Maswa,100,TZ,1584071249,95,-2.68,33.98,64.54,5.32
Ambanja,75,MG,1584071250,86,-13.68,48.45,75.2,2.24
Alice Springs,0,AU,1584071251,18,-23.7,133.88,93.2,6.93
Igrim,100,RU,1584071254,91,63.19,64.42,36.93,13.8
Odoreu,75,RO,1584071255,93,47.8,23.0,53.01,8.05
Boende,100,CD,1584071256,98,-0.22,20.87,68.77,2.55
Kampot,40,KH,1584071257,66,10.62,104.18,87.8,10.29
Hobyo,100,SO,1584071259,78,5.35,48.53,77.92,13.35
Thunder Bay,90,CA,1584071070,93,48.4,-89.32,35.6,11.41
Vila Franca do Campo,20,PT,1584071254,87,37.72,-25.43,57.2,8.05
Teknāf,0,BD,1584071262,30,20.86,92.31,90.73,0.13
Kailua,90,US,1584071263,83,21.4,-157.74,72.0,10.29
Artsyz,35,UA,1584071264,66,45.99,29.42,50.09,11.74
Flinders,0,AU,1584071266,29,-34.58,150.86,81.0,8.05
Warkworth,5,NZ,1584071267,49,-36.4,174.67,72.0,3.36
Kyzyl-Mazhalyk,0,RU,1584071268,80,51.13,90.6,12.18,2.77
Mana,100,GF,1584071269,88,5.66,-53.78,72.66,2.66
Ribeira Grande,25,PT,1584071270,83,38.52,-28.7,55.51,8.66
Zima,100,RU,1584071271,94,53.92,102.04,28.26,12.37
Khovd,0,MN,1584071272,39,48.01,91.64,18.23,2.82
Port Victoria,99,KE,1584071273,72,0.09,33.98,74.66,8.32
Jutiapa,0,GT,1584071274,87,14.28,-89.9,59.85,3.96
Kutum,100,SD,1584071275,34,14.2,24.67,54.97,12.68
Los Llanos de Aridane,75,ES,1584071277,72,28.66,-17.92,68.0,10.29
Khasan,0,RU,1584071278,33,42.43,130.64,28.13,17.09
Izhma,100,RU,1584071279,91,65.01,53.91,33.13,10.56
Neiafu,75,TO,1584071280,79,-18.65,-173.98,84.2,6.93
Julfa,75,AZ,1584071281,46,38.96,45.63,50.0,4.7
Nara,75,JP,1584071282,38,34.69,135.8,63.0,9.17
Hasaki,75,JP,1584071283,45,35.73,140.83,64.0,9.17
Grande Prairie,75,CA,1584070985,65,55.17,-118.8,5.0,10.29
Linguère,0,SN,1584071285,10,15.4,-15.12,76.55,10.76
Carnarvon,90,AU,1584071286,34,-24.87,113.63,93.2,17.22
Dudinka,100,RU,1584071288,84,69.41,86.18,5.0,40.26
Christchurch,0,NZ,1584071125,63,-43.53,172.63,62.01,17.22
Kpandae,2,GH,1584071290,73,8.47,-0.01,83.26,8.93
Kohlu,0,PK,1584071291,69,29.9,69.25,44.42,4.29
Magistral'nyy,91,RU,1584071292,79,56.17,107.45,25.9,6.42
Chicama,75,PE,1584071293,78,-7.84,-79.15,75.2,6.93
Marzuq,58,YE,1584071294,50,14.4,46.47,54.48,2.04
Gamba,100,GA,1584071295,90,-2.65,10.0,77.65,2.55
Udachny,75,RU,1584071278,68,66.42,112.4,-16.6,13.42
Teruel,100,ES,1584071297,100,40.67,-0.67,51.8,11.41
Puerto Carreño,40,CO,1584071299,78,6.19,-67.49,82.4,4.5
Batagay-Alyta,86,RU,1584071300,81,67.8,130.41,-18.98,1.99
Ust-Kuyga,0,RU,1584071301,84,70.02,135.6,-13.88,2.33
Chute-aux-Outardes,1,CA,1584071302,92,49.12,-68.4,12.2,5.82
Kalundborg,34,DK,1584071303,86,55.68,11.09,39.99,12.75
Kapra,40,IN,1584071304,88,17.48,78.56,79.0,3.36
Gillette,1,US,1584071305,73,44.29,-105.5,28.0,11.41
Huarmey,40,PE,1584071306,70,-10.07,-78.15,71.85,0.98
Antofagasta,83,CL,1584071307,82,-23.65,-70.4,66.2,6.93
Mashhad,0,IR,1584071308,45,36.3,59.61,46.4,4.61
Ulaangom,33,MN,1584071310,91,49.98,92.07,4.05,2.86
Karratha,87,AU,1584071123,74,-20.74,116.85,82.81,3.31
Abancay,66,PE,1584071313,93,-13.63,-72.88,48.18,2.24
Hay River,20,CA,1584071314,63,60.82,-115.8,-9.4,9.17
Tura,0,IN,1584071315,34,25.52,90.22,87.58,0.51
Lewistown,90,US,1584071316,71,40.6,-77.57,52.0,6.93
Isangel,20,VU,1584071317,74,-19.55,169.27,87.8,5.82
Talara,2,PE,1584071318,87,-4.58,-81.27,76.42,8.72
Storsteinnes,75,NO,1584071320,85,69.24,19.23,21.2,10.29
Monrovia,31,LR,1584071322,89,6.3,-10.8,80.42,5.23
Fukuechō,75,JP,1584071323,76,32.69,128.84,57.2,5.82
Guiratinga,0,BR,1584071324,88,-16.35,-53.76,72.1,2.73
Muisne,66,EC,1584071325,91,0.6,-80.03,76.69,4.5
Te Anau,0,NZ,1584071327,49,-45.42,167.72,62.87,5.12
Novochernorechenskiy,100,RU,1584071328,92,56.27,91.08,30.13,11.59
Kashgar,20,CN,1584071329,35,39.45,75.98,41.0,4.47
Norman Wells,20,CA,1584071331,69,65.28,-126.83,-7.6,2.24
Voi,100,KE,1584071333,93,-3.39,38.56,71.01,1.86
Tefé,94,BR,1584071334,94,-3.35,-64.71,75.9,2.48
Bubaque,0,GW,1584071335,67,11.28,-15.83,80.28,8.57
Westport,90,US,1584071337,87,41.14,-73.36,46.99,13.87
Manggar,10,ID,1584071338,77,-2.88,108.27,80.69,2.64
Kalmunai,25,LK,1584071339,71,7.42,81.82,81.79,9.89
Bathsheba,40,BB,1584071340,73,13.22,-59.52,77.0,18.34
Ilebo,100,CD,1584071342,94,-4.32,20.58,69.85,0.89
Bournemouth,0,GB,1584071139,81,50.72,-1.88,45.0,14.99
Carutapera,97,BR,1584071344,77,-1.2,-46.02,81.84,7.31
Vestmannaeyjar,100,IS,1584071345,80,63.44,-20.27,38.53,13.0
Chui,0,UY,1584071346,95,-33.7,-53.46,68.99,5.57
Sompeta,0,IN,1584071347,52,18.93,84.6,83.44,1.05
Port Hardy,75,CA,1584071101,74,50.7,-127.42,37.4,4.7
Havelock,1,US,1584071349,88,34.88,-76.9,64.4,9.17
Ambilobe,75,MG,1584071350,92,-13.2,49.05,75.94,2.26
Mersing,40,MY,1584071351,70,2.43,103.84,89.6,5.82
Fort Nelson,20,CA,1584071353,53,58.81,-122.7,-2.2,3.36
Khuzhir,100,RU,1584071354,82,53.19,107.34,25.34,13.89
Kranuan,1,TH,1584071356,49,16.71,103.08,95.0,4.7
Paita,55,PE,1584071357,69,-5.09,-81.11,78.76,7.9
Moose Factory,90,CA,1584071358,80,51.26,-80.61,35.6,9.17
Cuicatlan,0,MX,1584071359,87,17.8,-96.97,60.93,4.25
Shirokiy,0,RU,1584071360,75,49.76,129.52,4.32,7.94
Linqing,91,CN,1584071195,21,36.85,115.71,49.24,6.85
Arman',100,RU,1584071362,81,59.7,150.17,6.4,8.28
Mount Gambier,90,AU,1584071239,77,-37.83,140.77,60.8,25.28
San Quintín,43,MX,1584071365,75,30.48,-115.95,60.19,3.44
Chapais,75,CA,1584071366,67,49.78,-74.85,19.4,9.17
Bonavista,94,CA,1584071367,84,48.65,-53.11,25.0,10.0
Pevek,100,RU,1584071368,93,69.7,170.31,4.3,5.68
Bilibino,97,RU,1584071262,86,68.05,166.44,5.47,1.81
Mehamn,100,NO,1584071370,79,71.04,27.85,16.59,19.98
Touros,75,BR,1584071371,94,-5.2,-35.46,77.0,6.93
Sabang,0,ID,1584071268,70,5.89,95.32,83.17,10.67
Talnakh,100,RU,1584071375,84,69.49,88.4,5.0,40.26
Charters Towers,0,AU,1584071376,55,-20.1,146.27,83.3,19.01
Ankpa,62,NG,1584071377,87,7.37,7.63,75.92,4.79
Rabo de Peixe,20,PT,1584071378,87,37.8,-25.58,57.2,8.05
Chokurdakh,95,RU,1584071380,96,70.63,147.92,-22.77,6.62
Labuhan,88,ID,1584071381,65,-6.88,112.21,86.45,6.2
Qaqortoq,18,GL,1584071332,41,60.72,-46.03,19.4,6.93
Lindenberg,33,DE,1584071385,93,49.38,8.1,45.0,5.82
Santa Rosa,20,PH,1584071386,55,14.31,121.11,91.4,9.17
Rafai,97,CF,1584071387,98,4.95,23.92,65.98,1.72
Evensk,100,RU,1584071269,91,61.95,159.23,3.2,4.12
Noumea,31,NC,1584071260,59,-22.28,166.46,89.6,11.41
Asău,100,RO,1584071391,87,46.43,26.4,48.0,5.82
Kruisfontein,0,ZA,1584071393,93,-34.0,24.73,64.74,1.59
Salinas,1,US,1584071394,71,36.68,-121.66,63.0,5.08
Ilhabela,83,BR,1584071396,81,-23.78,-45.36,75.6,11.18
Kavieng,0,PG,1584071397,72,-2.57,150.8,84.72,10.18
Brejo Santo,16,BR,1584071398,93,-7.49,-38.99,69.84,3.2
Daru,29,PG,1584071399,51,-9.08,143.21,92.66,7.05
San Vicente,8,AR,1584071400,72,-26.62,-54.13,72.63,2.3
Killybegs,0,IE,1584071401,96,54.63,-8.45,36.0,1.99
Krasnosel'kup,100,RU,1584071402,98,65.7,82.47,32.25,22.17
Świnoujście,20,PL,1584071403,76,53.91,14.25,39.0,5.82
Nur-Sultan,0,KZ,1584071330,65,51.18,71.45,8.6,4.47
Dŭstí,20,TJ,1584071405,100,37.35,68.66,39.2,2.24
Cerro Largo,8,BR,1584071407,58,-28.15,-54.74,77.95,3.36
Tiarei,40,PF,1584071408,70,-17.53,-149.33,86.0,4.7
Poum,98,NC,1584071409,81,-20.23,164.02,82.85,14.03
Kisanga,33,TZ,1584071411,97,-7.44,37.7,70.68,1.7
Severo-Kuril'sk,64,RU,1584071412,71,50.68,156.12,24.62,5.19
Sur,100,OM,1584071413,36,22.57,59.53,67.32,2.46
Bata,100,GQ,1584071414,97,1.86,9.77,75.88,2.04
Kaitangata,0,NZ,1584071415,75,-46.28,169.85,54.36,7.67
Mutoko,76,ZW,1584071416,99,-17.4,32.23,62.87,2.17
High Level,20,CA,1584071417,58,58.52,-117.14,-2.2,6.93
Shevchenko,93,UA,1584071419,56,48.5,35.0,42.8,13.42
Felanitx,20,ES,1584071420,81,39.47,3.15,57.0,9.17
Kloulklubed,75,PW,1584071132,70,7.04,134.26,86.0,13.87
Adrar,0,MR,1584071422,12,20.5,-10.07,67.68,10.27
Polovinnoye,100,RU,1584071423,94,54.79,65.99,30.34,19.89
Apatzingán,13,MX,1584071424,51,19.08,-102.35,83.17,3.94
Lorengau,32,PG,1584071425,72,-2.02,147.27,84.79,13.91
Ilulissat,92,GL,1584071426,71,69.22,-51.1,6.8,2.24
Mandera,56,KE,1584071427,73,3.94,41.87,74.32,3.42
Tupelo,90,US,1584071427,77,34.26,-88.7,69.8,6.62
Nnewi,80,NG,1584071430,91,6.02,6.91,77.34,2.44
Verkhnevilyuysk,100,RU,1584071431,92,63.45,120.32,1.72,12.71
Emerald,0,AU,1584071432,48,-23.53,148.17,84.99,16.11
Yangambi,100,CD,1584071433,98,0.81,24.43,70.39,4.03
Mocuba,71,MZ,1584071434,97,-16.84,36.99,72.41,3.18
Khonsa,0,IN,1584071251,59,27.02,95.57,70.32,3.22
Kangly,0,RU,1584071436,83,44.25,43.03,32.0,6.71
Kota Bharu,20,MY,1584071409,70,6.13,102.24,86.0,4.7
Mahon,90,ES,1584071438,93,39.89,4.27,55.4,12.75
Olafsvik,100,IS,1584071440,79,64.89,-23.71,25.77,16.6
Elesbão Veloso,35,BR,1584071441,92,-6.2,-42.14,73.65,0.72
Bintulu,75,MY,1584071442,79,3.17,113.03,87.8,3.36
Riyadh,28,SA,1584071197,25,24.69,46.72,62.6,4.7
Faya,48,SA,1584071296,62,18.39,42.45,57.2,5.82
Lumby,90,CA,1584071445,74,50.25,-118.97,33.8,4.7
Sakaiminato,75,JP,1584071447,62,35.55,133.23,57.2,20.8
Elban,100,RU,1584071448,88,50.1,136.51,17.24,7.11
Bougouni,0,ML,1584071450,11,11.42,-7.48,74.48,5.37
Tumpat,20,MY,1584071451,70,6.2,102.17,86.0,4.7
Bambous Virieux,75,MU,1584071302,100,-20.34,57.76,78.01,6.93
Sayyan,82,YE,1584071453,39,15.17,44.32,44.47,1.79
Nazarovo,99,RU,1584071454,89,56.01,90.39,28.87,10.49
Tuatapere,0,NZ,1584071260,73,-46.13,167.68,61.0,8.99
Cidreira,0,BR,1584071456,81,-30.18,-50.21,76.42,15.86
Thinadhoo,12,MV,1584071457,71,0.53,72.93,83.57,10.87
Lethem,63,GY,1584071459,47,3.38,-59.8,86.29,8.37
Maridi,72,SS,1584071461,85,4.92,29.47,71.11,7.52
Gujar Khan,40,PK,1584071310,100,33.26,73.3,54.0,6.93
Pokhara,100,NP,1584071463,28,28.23,83.98,71.06,2.26
Danielskuil,1,ZA,1584071464,90,-28.19,23.54,57.18,15.3
Lebu,100,CL,1584071465,98,-37.62,-73.65,58.89,1.88
Lugo,93,ES,1584071466,92,43.0,-7.5,51.01,4.0
Haining,40,CN,1584071467,82,30.54,120.69,61.0,6.71
Batangafo,57,CF,1584071468,24,7.3,18.28,65.75,2.28
Coquimbo,90,CL,1584071469,88,-29.95,-71.34,62.6,3.36
Saint-François,40,FR,1584071473,75,46.42,3.91,46.0,6.93
Bay Roberts,90,CA,1584071474,79,47.6,-53.26,27.0,13.87
Tautira,40,PF,1584071475,70,-17.73,-149.15,86.0,4.7
Lompoc,90,US,1584071476,93,34.64,-120.46,57.2,3.36
Aklavik,40,CA,1584071477,63,68.22,-135.01,-7.6,11.41
Porto-Vecchio,100,FR,1584071478,87,41.59,9.28,55.4,4.7
Heihe,0,CN,1584071215,26,50.24,127.49,17.6,8.95
Sørland,100,NO,1584071480,66,67.67,12.69,27.72,33.33
Inírida,47,CO,1584071482,87,3.87,-67.92,77.14,2.44
Ukiah,0,US,1584071483,55,39.15,-123.21,60.01,2.46
Namatanai,0,PG,1584071484,73,-3.67,152.43,84.97,17.63
Tazovsky,100,RU,1584071485,97,67.47,78.7,32.52,15.39
Goderich,100,CA,1584071486,87,43.75,-81.72,43.0,7.0
Palmer,90,US,1584071487,75,42.16,-72.33,44.6,5.97
Uruçuí,44,BR,1584071488,91,-7.23,-44.56,73.78,1.03
Mushie,100,CD,1584071489,93,-3.02,16.9,68.7,0.94
Raudeberg,100,NO,1584071490,65,61.99,5.14,32.0,19.46
Nuuk,18,GL,1584071264,72,64.18,-51.72,15.8,13.87
Okahandja,82,NA,1584071494,51,-21.98,16.92,63.0,4.7
Palana,100,RU,1584071495,88,59.12,159.97,16.05,38.74
Comodoro Rivadavia,33,AR,1584071496,87,-45.87,-67.5,55.4,4.7
Vikulovo,7,RU,1584071497,88,56.82,70.61,25.54,15.05
Waterfoot,90,GB,1584071498,81,53.69,-2.25,45.0,19.46
Huangmei,42,CN,1584071499,69,30.19,116.03,61.9,4.85
Statesboro,1,US,1584071500,82,32.45,-81.78,68.0,5.82
Agüimes,40,ES,1584071501,77,27.91,-15.45,64.4,21.92
Porto-Novo,40,BJ,1584071502,89,6.5,2.6,84.2,9.17
Baharly,100,TM,1584071504,37,38.44,57.43,54.82,1.7
Vila do Maio,0,CV,1584071505,74,15.13,-23.22,78.8,12.75
Kirakira,100,SB,1584071506,84,-10.45,161.92,79.45,11.03
Codrington,100,AU,1584071507,83,-38.27,141.97,61.75,23.31
Cabedelo,90,BR,1584071508,100,-6.98,-34.83,75.2,5.41
Suntar,100,RU,1584071509,85,62.14,117.63,-5.39,13.82
Shōranūr,20,IN,1584071510,69,10.77,76.28,82.4,5.82
Mucurici,100,BR,1584071511,95,-18.09,-40.52,71.74,5.19
Sidi Ali,100,DZ,1584071512,72,36.1,0.42,58.37,3.33
Bocanda,0,CI,1584071513,87,7.06,-4.5,77.07,4.56
Jieshi,95,CN,1584071515,69,22.81,115.83,76.53,6.11
Half Moon Bay,5,US,1584071516,48,37.46,-122.43,64.99,5.82
Kanniyākumāri,11,IN,1584071399,72,8.08,77.57,81.32,19.91
‘Āhuimanu,90,US,1584071518,100,21.44,-157.84,72.0,4.7
Iskateley,100,RU,1584071520,97,67.68,53.15,32.02,19.15
Sangar,100,RU,1584071521,88,63.92,127.47,-6.79,14.16
Iralaya,0,HN,1584071522,71,15.0,-83.23,79.25,12.97
Geraldton,75,AU,1584071523,31,-28.77,114.6,91.4,17.22
Hare Bay,40,CA,1584071525,72,48.85,-54.01,17.6,12.75
Ayorou,0,NE,1584071526,11,14.73,0.92,73.67,12.44
Kyabé,0,TD,1584071527,10,9.45,18.94,68.0,2.13
Port Lincoln,54,AU,1584071528,67,-34.73,135.87,67.44,21.32
Bafia,100,CM,1584071529,94,4.75,11.23,72.03,1.05
Northfield,67,US,1584071530,64,44.46,-93.16,35.6,17.22
Mahajanga,20,MG,1584071531,88,-15.72,46.32,75.2,5.82
North Bend,1,US,1584071532,81,43.41,-124.22,44.6,18.34
Shubarshi,100,KZ,1584071533,96,48.59,57.19,39.65,11.45
Shaowu,92,CN,1584071534,92,27.34,117.48,58.19,3.22
Thio,80,NC,1584071535,59,-21.62,166.22,89.6,11.41
San Fernando,75,PH,1584071537,52,15.03,120.69,91.4,6.93
Pangnirtung,100,CA,1584071274,93,66.15,-65.71,-16.69,5.19
Ippy,97,CF,1584071539,97,6.27,21.22,68.4,5.28
Worthington,90,US,1584071540,87,40.09,-83.02,57.2,11.41
Cowra,0,AU,1584071399,29,-33.83,148.68,77.61,5.17
Amaigbo,100,NG,1584071543,86,5.79,7.84,79.61,4.56
Marabu,75,MY,1584071252,79,4.41,114.01,87.8,6.93
Buraidah,20,SA,1584071258,36,26.33,43.98,60.8,5.82
Panlaitan,89,PH,1584071547,67,12.12,119.85,84.47,16.4
Nelson Bay,40,AU,1584071548,57,-32.72,152.15,80.01,9.17
Dingle,62,PH,1584071549,61,11.0,122.67,84.27,10.51
Bandarbeyla,2,SO,1584071550,78,9.49,50.81,78.46,17.36
Paka,40,MY,1584071551,79,4.64,103.44,86.0,2.24
Zabul Province,0,AF,1584071552,83,32.25,67.25,36.48,1.81
Broome,90,US,1584071486,75,42.25,-75.83,48.0,12.75
Nurobod,0,UZ,1584071554,61,40.91,69.8,46.4,6.93
Rybachiy,26,RU,1584071555,80,48.71,44.74,35.6,15.66
Longview,1,US,1584071557,73,32.5,-94.74,73.4,5.82
Victoria Point,75,AU,1584071558,73,-27.58,153.3,82.0,8.05
Shache,100,CN,1584071559,32,38.42,77.24,44.2,12.95
Yerbogachën,90,RU,1584071560,84,61.28,108.01,3.7,7.67
Cherdakly,2,RU,1584071561,87,54.36,48.84,35.6,11.18
São Félix do Xingu,95,BR,1584071271,97,-6.64,-51.99,72.23,0.58
Tangkak,20,MY,1584071432,70,2.27,102.55,86.0,5.82
La Paz,75,BO,1584071476,93,-16.5,-68.15,42.8,5.82
Provost,63,CA,1584071565,94,52.35,-110.27,9.21,7.83
Henties Bay,0,NA,1584071567,95,-22.12,14.28,61.0,1.01
Hirara,20,JP,1584071569,78,24.8,125.28,77.0,10.29
Oriximiná,100,BR,1584071571,75,-1.77,-55.87,78.87,4.07
Port Macquarie,40,AU,1584071309,60,-31.43,152.92,77.0,11.41
Esmeraldas,0,BR,1584071574,78,-19.76,-44.31,71.6,8.05
Khāsh,0,IR,1584071575,22,28.22,61.22,48.92,7.02
St. George's,20,GD,1584071576,78,12.06,-61.75,78.8,11.41
Belmonte,40,BR,1584071578,94,-15.86,-38.88,73.4,5.82
Sandnessjøen,100,NO,1584071579,86,66.02,12.63,28.4,14.99
Bani Walid,0,LY,1584071580,74,31.76,13.99,50.27,5.66
Ketchikan,40,US,1584071581,74,55.34,-131.65,37.4,16.11
Vetapālem,28,IN,1584071582,64,15.78,80.32,84.31,8.75
Hofn,100,IS,1584071584,94,64.25,-15.21,32.67,19.46
Coyhaique,20,CL,1584071585,93,-45.58,-72.07,53.6,6.93
Barsuki,100,RU,1584071586,71,54.27,37.49,40.01,20.76
Yenagoa,100,NG,1584071587,92,4.92,6.26,77.86,3.71
Puerto Colombia,20,CO,1584071553,83,10.99,-74.95,78.8,16.11
Banjar,40,ID,1584071592,84,-8.19,114.97,86.0,9.17
Saint-Augustin,27,CA,1584071593,80,51.23,-58.65,7.0,11.52
San Carlos,3,VE,1584071594,59,9.66,-68.58,79.29,3.36
Corat,100,AZ,1584071595,71,40.57,49.71,53.6,18.34
Troitskoye,0,RU,1584071596,79,52.98,84.68,23.4,2.21
Timiryazevskiy,99,RU,1584071597,68,56.49,84.88,33.01,15.66
Alta Floresta,78,BR,1584071598,97,-9.88,-56.09,71.94,2.59
Lake Shasta,1,US,1584071600,28,40.68,-122.37,73.4,8.08
Avera,1,US,1584071601,88,33.19,-82.53,70.0,3.36
Taman',0,RU,1584071602,93,45.21,36.72,42.8,8.95
Karasburg,0,NA,1584071603,31,-28.02,18.75,63.91,9.93
Awjilah,0,LY,1584071604,78,29.11,21.29,53.51,15.93
Jumla,100,NP,1584071605,31,29.27,82.18,41.02,2.62
Lubbock,90,US,1584071606,59,33.6,-101.83,62.6,8.05
Kurumkan,7,RU,1584071607,81,54.3,110.3,17.49,5.08
Batemans Bay,0,AU,1584071608,68,-35.72,150.18,75.99,13.0
Grindavik,90,IS,1584071609,92,63.84,-22.43,26.6,14.99
Oddur,99,SO,1584071611,95,4.12,43.89,69.53,14.23
Kuragino,83,RU,1584071612,83,53.9,92.67,23.34,3.65
Valparaíso,2,CL,1584071411,93,-33.04,-71.63,60.8,5.82
Noyabrsk,100,RU,1584071614,95,63.2,75.45,33.89,28.3
Imbituba,75,BR,1584071615,94,-28.24,-48.67,77.0,14.99
Itoman,75,JP,1584071616,82,26.12,127.67,68.0,10.29
Zhigansk,100,RU,1584071617,92,66.77,123.37,-3.87,14.58
Yumen,0,CN,1584071618,46,40.28,97.2,30.94,16.15
Portland,1,US,1584071197,61,45.52,-122.68,48.99,9.17
Ginir,80,ET,1584071622,61,7.13,40.7,58.42,2.33
Ust'-Tarka,0,RU,1584071623,80,55.57,75.7,20.91,10.47
Cancún,40,MX,1584071403,73,21.17,-86.85,75.2,3.36
Eirunepé,100,BR,1584071625,93,-6.66,-69.87,74.73,0.72
Pierre,1,US,1584071360,68,44.37,-100.35,26.6,8.05
Andros Town,40,BS,1584071627,83,24.7,-77.77,73.4,8.05
Buena Vista,90,US,1584071628,76,43.42,-83.9,50.0,12.75
Les Cayes,0,HT,1584071629,70,18.2,-73.75,79.05,7.54
Luena,100,AO,1584071631,98,-11.78,19.92,64.18,2.89
Mount Isa,40,AU,1584071633,27,-20.73,139.5,91.4,12.75
Asopós,0,GR,1584071634,57,36.73,22.87,57.11,8.08
Belle Fourche,90,US,1584071635,79,44.67,-103.85,28.4,4.7
Mackay,75,AU,1584071636,65,-21.15,149.2,81.0,23.04
Harper,42,LR,1584071638,93,4.38,-7.72,78.51,4.14
Kholm-Zhirkovskiy,73,RU,1584071639,76,55.52,33.47,35.46,24.96
Ola,100,RU,1584071640,73,59.58,151.28,5.04,10.54
Viedma,1,AR,1584071642,32,-40.81,-63.0,75.65,10.8
Alice Town,37,BS,1584071643,71,25.72,-79.3,74.82,13.78
Panama City,61,PA,1584071644,74,8.99,-79.52,78.8,5.82
Zeya,93,RU,1584071645,69,53.75,127.27,1.04,4.23
Walvis Bay,0,NA,1584071431,93,-22.96,14.51,61.0,8.05
Soe,3,ID,1584071647,67,-9.86,124.28,83.68,5.66
Ziro,20,IN,1584071648,73,27.63,93.83,73.4,2.24
Jalu,0,LY,1584071649,78,29.03,21.55,53.51,15.93
Santa Cruz de la Sierra,0,BO,1584071650,78,-17.8,-63.17,80.6,3.36
Sant Feliu de Guíxols,100,ES,1584071652,100,41.78,3.03,55.99,8.05
Muros,75,ES,1584071653,81,42.78,-9.06,51.01,11.41
Nikki,0,BJ,1584071654,35,9.94,3.21,77.52,3.91
Port Maria,20,JM,1584071655,78,18.37,-76.89,77.0,8.05
Pucara,90,PE,1584071656,93,-15.98,-71.46,57.2,2.24
Lakatoro,28,VU,1584071657,100,-16.1,167.42,84.2,9.17
Serov,100,RU,1584071501,95,59.6,60.58,37.78,9.86
Matagami,90,CA,1584071659,74,49.75,-77.63,33.8,13.87
Dawlatabad,20,AF,1584071661,69,36.41,64.91,46.65,3.11
Imeni Poliny Osipenko,83,RU,1584071663,82,52.42,136.49,16.74,8.88
Severnyy,96,RU,1584071664,61,50.68,36.55,48.2,15.66
Conceição do Araguaia,100,BR,1584071665,93,-8.26,-49.26,74.14,0.16
Sandīla,90,IN,1584071666,72,27.08,80.52,66.2,17.22
Luanda,75,AO,1584071667,88,-8.84,13.23,80.6,5.82
Marsh Harbour,0,BS,1584071668,76,26.54,-77.06,72.54,14.03
